TDSFU Daily run: Sun Jun 22 06:34:07 UTC 2025 TDSFU
TDSFU Daily run: Mon Jun 23 04:47:44 UTC 2025 TDSFU
TDSFU Daily run: Tue Jun 24 04:43:43 UTC 2025 TDSFU
TDSFU Daily run: Wed Jun 25 04:43:50 UTC 2025 TDSFU
TDSFU Daily run: Thu Jun 26 04:43:35 UTC 2025 TDSFU
TDSFU Daily run: Fri Jun 27 04:42:56 UTC 2025 TDSFU
TDSFU Daily run: Sat Jun 28 04:41:45 UTC 2025 TDSFU
TDSFU Daily run: Sun Jun 29 04:50:12 UTC 2025 TDSFU
TDSFU Daily run: Mon Jun 30 04:46:50 UTC 2025 TDSFU
TDSFU Daily run: Tue Jul  1 04:50:26 UTC 2025 TDSFU
TDSFU Daily run: Wed Jul  2 04:43:42 UTC 2025 TDSFU
TDSFU Daily run: Thu Jul  3 04:47:20 UTC 2025 TDSFU
TDSFU Daily run: Fri Jul  4 04:44:59 UTC 2025 TDSFU
TDSFU Daily run: Sat Jul  5 04:42:11 UTC 2025 TDSFU
TDSFU Daily run: Sun Jul  6 04:46:00 UTC 2025 TDSFU
TDSFU Daily run: Mon Jul  7 04:47:41 UTC 2025 TDSFU
TDSFU Daily run: Tue Jul  8 04:43:43 UTC 2025 TDSFU
